,1_1,1_3,1_5,1_7,1_9,0_1,0_3,0_5,0_7,0_9
[0.6 0.4]_[0.7 0.3]_[0.5 0.5],0.15272151886968208,-0.05050795824654403,0.266858330349436,0.37322125780494897,-0.8851941620066013,0.764016098297861,0.5685886235252893,-0.018023721760742517,-0.5371652774336477,-0.13267631712695838
[0.6 0.4]_[0.9 0.1]_[0.4 0.6],-0.05211343621,-0.4749064691490207,0.1912147109148595,-0.686275000757692,-0.8432624019922135,1.4653018765918158,0.0,0.0,0.0,-0.04346941464421117
[0.7 0.3]_[0.8 0.2]_[0.6 0.4],-0.23324287578017905,-0.3,0.0666211573710419,-1.2209875142325815,-2.261654691916791,1.2032413816510565,0.051139523051658864,-0.6495057794959332,0.23235963503999602,-1.2111511547408509
[0.7 0.3]_[0.8 0.2]_[0.4 0.6],0.8743118783084247,0.3709865389570858,0.5913388884684164,0.0,0.25745707834143206,0.0,0.0,-0.4229803508960373,-0.6383310705431143,0.0
[0.5 0.5]_[0.5 0.5]_[0.4 0.6],1.1971904264089037,-0.7077494197671956,0.635382728934652,1.9168959495009383,-2.7374882032205092,0.5978727506391772,0.6714214671791987,0.35486945392414215,-0.5281984942314801,0.08486451743088697
[0.5 0.5]_[0.3 0.7]_[0.5 0.5],0.630678523396281,-0.7012352024498919,-0.8291519674061195,-1.2815017875005055,-3.0191506060114457,1.2885473025128007,-0.6842134124075294,-0.3308413266992051,0.38292455894491634,-0.7496323685871255
[0.7 0.3]_[0.8 0.2]_[0.8 0.2],0.048369843387885775,0.2273439605773348,0.27795552626746534,-1.4632972174269767,-0.2652608504526335,0.6511983904012357,0.2582771764017451,-0.03636868158409995,0.2261861937524724,-1.1159465244333313
[0.4 0.6]_[0.2 0.8]_[0.3 0.7],1.6954181945056284,0.1694473035784574,0.1056575523706203,0.3230148704697319,0.778408592715606,0.6298710779344889,0.3882590104034387,-1.1908064197114605,-0.1070978220046983,-1.554508736990812
[0.7 0.3]_[0.9 0.1]_[0.6 0.4],-0.1239443288220876,-0.7807120227740333,-0.5,-1.2062281127877386,-0.36973691207372883,0.15702336661744007,3.0196873260888992,0.0,-0.3438558181698894,0.0
[0.6 0.4]_[0.6 0.4]_[0.5 0.5],1.1448981511859035,-0.1322223773123028,0.18519300578766207,-0.7170145627848936,0.316145371131791,0.6361829789331036,-0.3581242105949921,-0.9984802605678723,0.1881091767839761,0.991493779508145
[0.7 0.3]_[0.8 0.2]_[0.3 0.7],-0.1,-0.0201778282067446,-0.5,-0.6948304358982867,-0.2771963621957142,-0.0948304358982867,-0.2475752244821878,-0.009255118927925188,0.0,0.0
[0.5 0.5]_[0.5 0.5]_[0.8 0.2],0.4650990997342919,-0.8114703799869097,0.15796404871037872,0.8914722953894196,0.018752215907277048,1.424566575307762,-0.08075603338440768,-1.118929434384118,-0.4696746665178916,-0.7890773736112717
[0.4 0.6]_[0.2 0.8]_[0.8 0.2],0.7320293061915809,-0.1606843604663583,0.0931460213155401,0.0859636841284055,-0.9,-0.1,0.38917680160434887,0.1231190740574601,-0.296078744336589,0.09834186610004214
[0.5 0.5]_[0.4 0.6]_[0.3 0.7],1.6080227811244703,-0.41785291207858166,0.03356448629654574,-1.1060075638416038,0.5259440699548603,0.43143045605173597,0.48100041391674425,0.0859612945044192,-0.4760270822664112,0.8016451111823236
[0.2 0.8]_[0.1 0.9]_[0.4 0.6],0.1935589483700016,0.0,0.0,0.0,0.0,-0.0899787231958741,0.0,0.0,0.0,0.0
[0.5 0.5]_[0.6 0.4]_[0.7 0.3],0.9772636608710095,-0.055699227900225995,0.3549721194101422,-0.12420766703231378,0.4750106431664052,0.8668142463383801,-0.0229297850374367,-1.2816939794035165,-0.09398159900872982,-1.223321690661537
[0.4 0.6]_[0.3 0.7]_[0.6 0.4],1.2340164343688749,0.102799512748809,0.03922264863373692,-2.716282889134309,-0.04164839059346881,0.9449930085188094,0.3977628489511299,-0.1796916335150498,0.10285344051164802,-1.3575644649880398
[0.5 0.5]_[0.7 0.3]_[0.5 0.5],0.34042384018573724,0.3689700171221946,-0.33215812680127865,-0.10679960364389701,0.6898576726237389,1.199761498718585,0.25709681839956,-2.6224817191712515,-0.468202740705164,0.02277283835148247
[0.6 0.4]_[0.8 0.2]_[0.3 0.7],1.2581824189633204,0.3011344595046177,-0.009543160764993508,-0.16399658119353755,-0.6343326461832052,-0.1720692468624768,-0.16418531122924596,-0.011435463540527435,-1.0528608998151847,-1.5789558578150968
[0.5 0.5]_[0.4 0.6]_[0.4 0.6],0.4102111306204289,-0.04998280471067029,-0.07270909600150577,0.4248514085373354,-2.719074299773613,1.7596651301963608,-0.1850549591233102,-1.935706058459819,0.9700094276911522,-0.4208315010332315
[0.7 0.3]_[0.7 0.3]_[0.4 0.6],0.30955403692631717,2.0822836823432116,0.0,0.0,0.0,0.0,0.0,0.0,0.0,0.0
[0.5 0.5]_[0.6 0.4]_[0.6 0.4],1.0255228292651617,-0.2989881831599452,-0.1415139954136022,0.2481802587428673,-1.0441429476690196,0.12942563094451542,0.19992739446152236,0.3473249654637743,-0.5737701080650697,-2.8636862606572424
[0.4 0.6]_[0.3 0.7]_[0.3 0.7],0.7654092261302394,0.012502908520508837,-0.062461082512114685,-0.6500695958037981,-4.445675215845638,0.573476947905217,0.47182377011701565,0.5402220266949898,-1.9090977313638908,-1.393086987094877
[0.5 0.5]_[0.5 0.5]_[0.2 0.8],1.0128715808834938,0.3317940011486863,0.03153198346100172,0.36078304724120136,-1.044339953533215,0.512941740984854,-0.3195460586495634,0.07870004139251874,-2.042354604937164,-0.8879344656318983
[0.4 0.6]_[0.7 0.3]_[0.3 0.7],1.0564261742549184,0.0,0.0,-0.6274454383964896,-0.0736803710894856,0.0,0.0,0.0,0.0,0.0
[0.6 0.4]_[0.8 0.2]_[0.6 0.4],0.34716253089554444,-0.6112169260536868,-0.21229288068459995,-1.4824758475491424,-0.1933467397236419,0.791742573242088,2.7339067081117037,0.1966830692067782,0.5206805836645321,-0.6486387719222979
[0.7 0.3]_[0.7 0.3]_[0.3 0.7],0.5436356092408373,0.0,0.0,0.0,0.0,0.0,0.0,0.0,0.0,0.0
[0.4 0.6]_[0.6 0.4]_[0.3 0.7],0.1353341739157035,0.5073896309767059,0.5856462616222514,-0.12294379280966294,0.2953941575507604,0.7154464180658664,-0.2240022884209764,0.0,0.5665174170387784,0.0772263299248302
[0.4 0.6]_[0.2 0.8]_[0.2 0.8],0.11898555984550613,0.12638559593358836,0.0014880288912489936,-0.8311932868002169,-0.003118230425099733,1.5451906024703561,0.15333605339930884,0.1041540112949228,-0.8161467127386861,0.03467836935142643
[0.7 0.3]_[0.9 0.1]_[0.5 0.5],-0.0979653396546706,-0.21495162,-0.4564556890166399,-0.7000000000000001,-0.8948304358982867,-0.01,-0.2591062957490054,2.3791214290152123,0.0,0.0
[0.3 0.7]_[0.3 0.7]_[0.3 0.7],-0.19,-0.12858737045702126,-0.7654440035932132,-0.0682385176888639,0.5087176872651541,1.2406924021715966,0.21810876760978598,-0.36807659089421174,0.0,-0.2641503679513706
[0.4 0.6]_[0.2 0.8]_[0.4 0.6],0.6929362755898562,0.6152193874980496,0.37034832044500343,-0.4789066085189535,-2.6443448382580113,2.0692577885974655,-0.18317311947543036,-0.5001286566560521,0.7613601607969473,-0.3818218062984745
[0.4 0.6]_[0.3 0.7]_[0.4 0.6],0.9505325303801144,0.5589701985369905,-0.026655063611966012,-3.259431724572505,-0.08233865480202196,0.6104378237159347,0.6472845550027115,-0.957666753055908,0.5894428264158422,-0.6886215439290739
[0.3 0.7]_[0.1 0.9]_[0.3 0.7],0.9833163967857722,0.0,0.0,0.0,0.0,0.0,0.0,0.0,0.0,0.0
[0.3 0.7]_[0.1 0.9]_[0.4 0.6],0.6673718359636304,0.0,0.1350076682196626,-0.0611186168927707,0.0,0.0,0.0,0.0,0.0,0.0
[0.3 0.7]_[0.2 0.8]_[0.3 0.7],0.3407166105578096,0.48013688635629964,0.0,0.0,-0.3484831313582959,-0.023165421074867545,0.687484599802423,0.0,0.0,5.669710992474878
[0.2 0.8]_[0.3 0.7]_[0.3 0.7],0.0,0.0,0.0,0.0,0.0,0.0,0.0,0.0,0.0,0.0
[0.4 0.6]_[0.5 0.5]_[0.3 0.7],0.5216125509172199,0.05772704092519404,0.7572980615572527,-0.436358061758121,-2.108720277789652,1.3917464389777658,-0.5994280210029832,-0.6741134263341899,-0.16744800490991918,0.6217624077607226
[0.6 0.4]_[0.7 0.3]_[0.4 0.6],1.770340749769525,-0.6156927513304402,-1.0417262253597854,0.21532834095788034,-0.05054795342839746,0.22696004704820902,0.1087307351578631,0.07749160239177366,1.3031724820523105,-1.9908405273568412
[0.5 0.5]_[0.3 0.7]_[0.4 0.6],1.275491051540584,-0.2656016420091837,0.24286494925559649,-1.3440910661761376,-2.3458360551242032,0.5582081502802644,-0.23189559900795398,0.06150789363644499,-0.8573385141090097,-1.5407313182208688
[0.3 0.7]_[0.2 0.8]_[0.4 0.6],1.4478847578548006,0.5973397721969644,1.1368437360485184,0.0,0.0,0.0026858588881717,0.3716024804696072,0.0,-1.1930427337623337,-0.8183227729856534
[0.5 0.5]_[0.7 0.3]_[0.4 0.6],0.45613267038234084,0.21770522995843467,-0.6493639562112268,-0.8017197712183525,-1.1222201409329609,0.7305126630629106,1.9351265451151252,0.26827409401575486,-0.7619328041323932,-1.368828595957404
[0.5 0.5]_[0.4 0.6]_[0.5 0.5],1.365255070003381,0.21330014531414052,0.44010666168867363,-1.592175636233121,-2.242106989637348,0.5889558355152447,0.27518831161957613,0.6097365587568873,-0.6112368905151047,-0.13345758739433966
[0.3 0.7]_[0.2 0.8]_[0.2 0.8],-0.1,-0.43635925712761614,-0.0448304358982867,-0.16731520096607289,-0.9260881458241553,0.8938363850367912,0.0,-0.4876631956783663,0.0,0.0
[0.5 0.5]_[0.6 0.4]_[0.3 0.7],0.2833614659538842,0.26998899690944267,0.275415097220126,-1.6554535424686514,-2.304936407955275,0.8057486640778068,-0.13870730104529538,0.1016189051047045,2.4913011076130016,-0.5825104102123245
[0.4 0.6]_[0.1 0.9]_[0.4 0.6],-0.11344166054292289,1.5636806563927719,0.011709347004430493,-0.6744054474263796,-0.593266770124138,-0.0596304980402596,-0.2611717841078833,-0.19243801339563965,-0.7000000000000001,0.0
[0.4 0.6]_[0.4 0.6]_[0.5 0.5],1.02858757524603,0.04028039544802031,-0.3016012746857476,-0.24762471287807586,-0.45503491303635357,0.5345570515579069,0.1842477006424767,0.5370991898500581,0.6458196877891715,-5.702652500791017
[0.3 0.7]_[0.4 0.6]_[0.3 0.7],-0.1,-0.21040576732307156,-0.3633830858385496,1.172937207515557,-0.8798251415454648,0.0,-0.26929617968927,0.0,0.0,-0.8192897672029233
[0.6 0.4]_[0.6 0.4]_[0.3 0.7],-0.23473397798696255,0.0823132720555323,0.4097655739705106,-0.7164386042269331,-1.8078216506004559,1.4382860807217324,-0.21138060030898737,-1.8853348248828097,-2.3086314816276126,-0.6864746041772691
[0.5 0.5]_[0.3 0.7]_[0.3 0.7],0.5593144810078079,0.31431210352582717,-0.2489730886358298,0.36509952593393313,0.5910732502488804,1.4678183973367458,-0.45062935274357685,-0.2729308724423116,-0.049239234639613105,-2.5388971251975927
[0.6 0.4]_[0.7 0.3]_[0.3 0.7],0.6019239613288401,0.11923935580159761,-0.7312341328317671,-0.26829801547326837,0.9181264907112663,0.012341222822271812,0.18393086620153704,0.039545982819706005,-1.0496937907389152,-2.132837076928157
[0.5 0.5]_[0.5 0.5]_[0.3 0.7],1.4113578827608146,-0.5136397651602529,-0.9037668974631816,-0.9549280518446716,-2.6926838521158034,0.14513138292120803,0.5611708535160833,-0.41445363803299856,0.35460017534259314,0.5680918127240461
[0.5 0.5]_[0.2 0.8]_[0.2 0.8],1.4503334905775571,0.11666213993631896,-0.6104571521144657,0.8784749280509088,-1.127553158338545,0.26174826130832374,0.0,0.0,0.2729208387138643,0.0
[0.3 0.7]_[0.2 0.8]_[0.5 0.5],-0.0686630197928281,-0.2470953239914985,-0.5456237625321152,-0.0192685279266056,-0.9,0.8315164845822068,0.06810916147547555,-1.071269122989136,0.0,0.0
[0.4 0.6]_[0.1 0.9]_[0.2 0.8],-0.0075529791403733,0.1216292645277587,-0.4684582947207388,-0.34947200742137396,-0.09,0.0,0.6082030513672448,-0.6793965092915066,-0.2986311223564134,-0.8958391653754195
[0.6 0.4]_[0.5 0.5]_[0.3 0.7],1.71820722870187,0.06451438504316231,0.4054985672381024,0.34142283727213696,0.1490737490191286,0.5112731979236236,-0.2724973275243719,0.20603889987403923,-0.30118444417246293,0.1578028373119269
[0.7 0.3]_[0.8 0.2]_[0.5 0.5],-0.06371,-0.0061536699925404,-0.4943430283938159,-0.7532104673755979,-0.8400607468580369,1.542708658525855,0.0,0.14090272375894164,-0.6064785088215756,-0.8536324399719168
[0.4 0.6]_[0.3 0.7]_[0.2 0.8],0.6817078275600865,-0.3401641659007174,0.008807700095594173,0.5013688183685215,-1.4703382773952574,1.2200850336871845,0.571646996272142,-2.003143073275168,-1.858936286667981,-1.3053219027000775
[0.4 0.6]_[0.4 0.6]_[0.4 0.6],0.6022568023729191,0.09475861294885701,-0.026182311772199596,-1.5988509786266814,0.24204887861174268,1.151084100822116,0.5838682871196497,-0.6375572042634319,0.472821010325557,0.2636393657625562
[0.5 0.5]_[0.7 0.3]_[0.3 0.7],-0.06832471506381779,0.7192056990857087,-0.8405058657898692,-0.7823187312239551,-0.9467759742402525,1.4671601909775356,-0.06676197803536887,-0.5368797819099469,-0.04091954142754206,-2.201444646740346
[0.6 0.4]_[0.4 0.6]_[0.4 0.6],-0.1332832551966272,0.38421278982407775,-0.6222259994233721,-0.6353969706524334,0.03145140830351667,0.9771484036384575,-0.10085652202631268,0.019275816018837322,-0.1965083027414809,-1.379144470092201
[0.4 0.6]_[0.2 0.8]_[0.5 0.5],1.6025224030705032,-0.4584515326976457,-0.17471920863779836,-1.0545072147145182,-0.30231415980781584,0.22670302340898807,0.18642441984177233,-0.04580740257567517,-0.7166337361310147,-2.5856009322311353
[0.4 0.6]_[0.4 0.6]_[0.3 0.7],0.4068777582587391,-0.21442933725234092,1.8405560868811994,0.11912865800938643,0.7873460858617167,1.222577341288838,0.33007471166841873,-0.6101291388617764,-0.557068103508461,-0.4800443707222761
[0.4 0.6]_[0.2 0.8]_[0.6 0.4],0.07388133891100765,0.11892106293450477,0.16230300773803302,-1.3493082556199363,-1.431432474661753,1.1801569009223147,-0.1717229999999999,-0.0038588801511668103,0.6776140331635753,2.529751196811688
[0.3 0.7]_[0.3 0.7]_[0.5 0.5],0.7013210782366488,0.0,0.0,0.0,-0.7449078189423676,0.0,0.0,0.0,0.0,-0.8638384038473529
[0.6 0.4]_[0.6 0.4]_[0.7 0.3],1.7858512366090595,-0.005969769031123007,-1.9202214669467654,-1.2973373004247688,0.23583244841621287,0.3802542380923457,0.1339091655179273,-0.3748581071547792,-0.35532391657325046,-2.2349961783895047
[0.6 0.4]_[0.5 0.5]_[0.5 0.5],0.09882287716495944,-0.05903727881628329,-0.6158681035624338,-0.41900811058574117,0.13111571997465243,1.63479187152155,-1.2023393965322615,-1.4025517693908784,0.7346708123658395,-1.0683582511304903
[0.8 0.2]_[0.9 0.1]_[0.7 0.3],-0.0901944728274045,-0.030000000000000027,0.0,0.0,0.0,0.0,0.0,0.0,0.0,0.0
[0.3 0.7]_[0.1 0.9]_[0.6 0.4],0.41358660312388107,0.0,0.0,0.0,0.0,0.0,0.0,0.0,1.568372287432513,0.0
[0.6 0.4]_[0.7 0.3]_[0.7 0.3],0.24579610703586832,-0.5553413801984681,-0.5441699193725673,-1.5093869422403312,-2.246697248332687,0.7437608963524784,-0.009752888619572575,0.34098187095082383,-0.46350998584074177,-0.6791662797390328
[0.3 0.7]_[0.2 0.8]_[0.7 0.3],-0.1,-0.28650000000000003,-0.3516173678613602,-0.6394793292917054,-0.4969192796050871,-0.1,-0.30000000000000004,0.506621023546833,0.0,0.0
[0.6 0.4]_[0.6 0.4]_[0.6 0.4],0.3748220867675732,-0.27847960420895623,-0.5513311091242914,-0.8426053196908453,-0.9535790295446097,1.4836967401123669,-0.31052171204937806,0.152857047110235,-1.2004239289651377,-0.42561693962117486
[0.4 0.6]_[0.4 0.6]_[0.7 0.3],1.0751003183570724,0.22367040481696876,-1.3366571564102685,-1.6844672298701417,-3.0888742194516183,0.2551227127077972,-0.5726766712291348,-0.024101354717826207,0.3713957551820334,-1.3930380635362132
[0.3 0.7]_[0.2 0.8]_[0.6 0.4],-0.1,0.0,0.0,0.0,0.0,0.6660538369423132,0.0,1.7232464561959162,0.0,0.0
[0.5 0.5]_[0.3 0.7]_[0.6 0.4],0.5191791879200555,-0.017079106033891067,-0.10812543728178281,-1.1013770163589536,0.10630257864929127,1.3316371418393793,0.4213369683524351,0.6455033393443528,-0.41314474862107664,0.17743731649459038
[0.3 0.7]_[0.1 0.9]_[0.7 0.3],-0.1,-0.1144863243284003,-0.05,-0.7000000000000001,0.0,0.0,0.0,0.0,0.0,0.0
[0.6 0.4]_[0.8 0.2]_[0.8 0.2],1.067828330848416,-0.060717729608038784,0.38771760524216214,0.14990626946443808,-0.11946115851949396,0.6857112225176084,0.4619556907009802,0.2962142555853392,0.6320615211864435,0.2590533381046468
[0.7 0.3]_[0.9 0.1]_[0.7 0.3],-0.0110039735572141,0.4761225490614439,0.4780821952417393,-0.4022568164309305,-1.657575224482188,0.2569618331472951,-0.1996982859628497,-0.4686630197928282,2.797698448503096,-0.7985692163981093
[0.5 0.5]_[0.4 0.6]_[0.7 0.3],0.6463579068879526,0.17247870362759843,-1.3913992600747747,-1.788375504607776,-0.23262212669611582,1.0637744170657921,0.18909342764552953,0.6447704000303027,0.08643810616384828,-1.0273048182376492
[0.7 0.3]_[0.9 0.1]_[0.8 0.2],-0.133555115754289,-0.1654845603224455,0.2707033733329611,-1.4181792993745383,-1.536934263006972,0.6009516083190829,0.3960807047574921,2.625147808467959,-0.32154643310039377,0.381513691405721
[0.7 0.3]_[0.8 0.2]_[0.7 0.3],0.0265520918823596,-0.689024418265691,-0.4775571751476428,-0.9164714776182794,-1.5238504270335258,0.007875550730776233,0.03199845132927509,-0.06380487736026907,-0.284932130677069,5.51471155493831
[0.5 0.5]_[0.5 0.5]_[0.6 0.4],0.6090531425644534,0.8244558270375022,-0.3610502532426315,-0.6345667789801803,0.0633262931223999,1.092454766043333,-0.0593912273079083,-0.5374054950551435,1.0367115971064143,1.17077318314852
[0.4 0.6]_[0.3 0.7]_[0.7 0.3],0.31528057182840297,0.06693444684196798,0.16112755544476387,-3.2862521437849326,0.259892660214432,1.3129606387746322,0.4195210526919763,-1.8397075914443384,0.5486185914054159,-0.2519035720802104
[0.5 0.5]_[0.4 0.6]_[0.6 0.4],0.2817073232052566,0.543891883519581,0.260569137762504,-0.12380764904940833,-1.6143131062775096,0.8047107405207957,-0.2660099984660565,0.2766675282643821,-1.8295166354310624,-0.7322826319745537
[0.6 0.4]_[0.4 0.6]_[0.8 0.2],-0.05650085386685086,0.4955906127254157,-0.0958946587994135,-0.31270071399921817,-1.3869909434484373,0.8708762398986374,0.11666793847376938,0.13404897598811738,-0.923338425826987,0.1973209487229184
[0.5 0.5]_[0.5 0.5]_[0.7 0.3],0.49132891205182494,0.21120649584166473,0.17712330250310265,-0.6989626568481818,-0.2968700990581744,1.350252256994979,0.6695434799632798,0.4043541763463277,-0.6377495570486976,0.2635384338987108
[0.5 0.5]_[0.6 0.4]_[0.8 0.2],1.4547326128984854,-0.11763967344754131,0.5275621969691106,-1.5537674793681457,-2.1043294987400714,0.5180862474844614,0.6370688481364672,-0.3814964198688272,-0.4450091959728295,-0.38808497776492834
[0.3 0.7]_[0.2 0.8]_[0.9 0.1],0.0,0.0,0.0,0.0,0.0,0.0,0.0,0.0,0.0,0.0
[0.6 0.4]_[0.7 0.3]_[0.6 0.4],0.40039893928594894,-0.6485074360887911,0.2781881315274499,-0.14107667293694304,0.08072183230468921,1.316957407366861,0.5915350715962977,0.27824463518425613,0.051961886743167374,-0.7881170276732397
[0.6 0.4]_[0.8 0.2]_[0.9 0.1],0.07600324797935973,0.009443193117861959,-0.5449797174656985,-0.14261511272690064,-0.2096975985347489,1.191834851001102,0.6652446283701703,-0.4458774179495425,0.2677336823751717,-1.2751854353378402
[0.6 0.4]_[0.7 0.3]_[0.8 0.2],0.45168026456879523,0.7933635500912294,4.579188867698852,-2.206097746959164,-0.888770564159866,0.6516159882647867,0.43148547646305896,0.7875282794066307,-1.2952446816637104,0.8343028491116515
[0.3 0.7]_[0.1 0.9]_[0.8 0.2],-0.0072397618625595,-0.0299999999999999,-0.5,0.8540651524555268,0.0,0.0,0.0,0.0,0.0,0.0
[0.6 0.4]_[0.6 0.4]_[0.8 0.2],0.609097867810918,-0.3313857720819678,0.6862761454461266,-0.27967020296094625,-0.09907379930920279,1.6987911808228187,-0.1943195046418335,0.3198407857061458,0.29101998597615253,-1.251727176292423
[0.6 0.4]_[0.6 0.4]_[0.9 0.1],0.5847804433336526,0.3195720410062434,0.5757149019985324,-0.8441880933001251,-0.11942206393760224,0.36139933035660515,-0.4644792365831554,0.16963658267757775,-0.6946667219181324,0.5250994286855848
[0.5 0.5]_[0.3 0.7]_[0.7 0.3],0.3206767924006288,0.08128527226212831,-0.18200958923733626,0.1588557331121503,-1.7447405194252017,1.4198712737450676,0.19600152927757897,0.20973113737358728,0.2222330697937912,-0.18073584565959033
[0.5 0.5]_[0.4 0.6]_[0.8 0.2],1.118752947085792,0.8139919200366337,-1.1704361964113748,0.4309866711996887,0.5061105562870385,0.4362156521791668,-0.47972288658998835,-1.5175475724041834,-0.0449663253461654,0.23812466730949222
[0.5 0.5]_[0.7 0.3]_[0.8 0.2],0.42420905242870244,0.06790355690952093,-0.6789780250996992,-0.8730290408977891,-2.5088686913004272,1.2674053561468939,0.07879175977680328,-0.6442610868260931,0.22326438068233145,-1.10144369171091
[0.5 0.5]_[0.7 0.3]_[0.6 0.4],0.03104123458008522,-0.1699701177615469,-0.41298855678924185,-0.9144257724235849,-3.094336873164816,0.3268976881682876,0.572059753670552,-0.43754257404138425,0.042974793012865886,-0.5902294470759604
[0.7 0.3]_[0.9 0.1]_[0.9 0.1],-0.0399769303702574,0.23248378135616682,0.2081158026054421,-0.9701597962387364,-0.9,0.968222135046659,-0.05595341780060177,0.0,0.0,0.46941178553078156
[0.4 0.6]_[0.5 0.5]_[0.8 0.2],-0.0259159671632805,-0.1083,-0.03232937661615565,-0.5498472156444539,-0.808036432675112,1.169317422058091,0.0,0.0,-0.5875684730157754,-0.8794634274388483
[0.5 0.5]_[0.8 0.2]_[0.9 0.1],1.0752373191691238,0.0,0.7118312218918154,0.0,-0.7780561817823883,0.0,-0.1762748863940392,0.0,0.0,0.7590552894462754
[0.8 0.2]_[0.9 0.1]_[0.9 0.1],-0.1298355805950233,0.0,0.0,0.0,0.0,0.0,0.0,0.0,0.0,0.0
[0.6 0.4]_[0.5 0.5]_[0.8 0.2],0.04752876805538542,0.7092335823572535,0.04105239284923612,-1.830659352908071,-0.47406577294392493,0.7246676122770903,0.8502119768226917,1.3672578784240166,0.4734928576425722,0.13376402339145688
[0.4 0.6]_[0.1 0.9]_[0.7 0.3],-0.1,-0.30000000000000004,-0.7277322055206868,0.0,0.0,1.2888150578245559,0.320263900403263,-0.4969330687361772,0.0,0.0
[0.5 0.5]_[0.8 0.2]_[0.6 0.4],1.1499101426864653,0.5888878519800662,0.2838626831725293,-0.6822026093481344,-0.6287156889740557,0.5346374017628962,-0.058458381388702,0.12018510648180403,0.1193083505220227,-0.7244437669177589
[0.3 0.7]_[0.3 0.7]_[0.7 0.3],0.45552553376084215,0.0,0.0,0.0,0.0,0.0,0.0,0.0,0.0,0.0
[0.5 0.5]_[0.5 0.5]_[0.5 0.5],0.3482439461735491,0.3820300674388475,0.1519074037305766,0.43086580084145987,0.2875359891864032,1.8285516166861437,0.7705655030559639,-0.34831989718764095,-0.31397093502821694,-1.7773942343042433
[0.3 0.7]_[0.3 0.7]_[0.6 0.4],-0.07066469176830582,-0.20906400565870636,-0.417142378240687,-0.5449078189423675,0.0,0.0,0.0,0.0,0.0,0.0
[0.5 0.5]_[0.8 0.2]_[0.5 0.5],1.443624781138426,0.19971312664609053,0.0281297522599958,0.2527366634555791,-1.1324715152546876,0.602078567210003,0.36601956561398635,-0.160413166626319,0.5095538157705835,-2.583003508342554
[0.4 0.6]_[0.4 0.6]_[0.2 0.8],0.25463999796256137,0.3849023072788227,0.38649049644075395,0.07000833642954629,-0.9970363739109799,0.22711880199080964,0.8526947105361058,-0.8768856468188786,1.7031475118715695,0.4335645811950575
[0.6 0.4]_[0.6 0.4]_[0.4 0.6],1.4837613876524094,0.16677398347430056,1.0314583331468605,0.464890028004732,0.3914922076739078,0.3655534897729022,0.5314479531868895,-0.21071768206134428,0.12243293973176883,-4.863153911616918
[0.8 0.2]_[0.9 0.1]_[0.4 0.6],0.0,0.0,0.0,0.0,0.0,0.0,0.0,0.0,0.0,0.0
[0.2 0.8]_[0.2 0.8]_[0.3 0.7],0.0,0.0,0.0,0.0,0.0,0.0,0.0,0.0,0.0,0.0
[0.6 0.4]_[0.5 0.5]_[0.4 0.6],0.9729463881863502,-1.0507720484303285,-0.7813232800200323,0.6772713228904153,-0.41939585743572405,0.12091591467701385,-0.9972856268606561,-2.0945249341707797,-2.194805105145658,-2.8774938923171804
[0.5 0.5]_[0.2 0.8]_[0.4 0.6],0.23625665414202568,-0.0115134483347448,0.14615762994162745,-1.2292275476685266,-0.5586458344499241,1.420393549919145,0.812179681270917,0.12180299834370234,-0.7606094396168667,0.12425744023810292
[0.4 0.6]_[0.6 0.4]_[0.4 0.6],1.8953931111573017,0.2932876660971715,-1.4675860755750187,-0.9472248059300044,-0.5791576841940831,0.4473776151124977,0.7227016737911566,0.16484058682267522,-1.067311694583585,0.011701162625327832
[0.3 0.7]_[0.3 0.7]_[0.4 0.6],-0.0432827882996454,-0.01777803767188718,-0.4941529208882018,-0.5155250400910737,-0.027721504176202005,1.3955944978607604,-0.2100176201676323,-0.3009511628586782,-0.6417879985893524,-0.9
[0.5 0.5]_[0.6 0.4]_[0.4 0.6],0.9060878215540678,0.8047239019220012,1.5254760436587036,-1.7111656879376977,-0.8832960065367321,0.31897881036530645,0.12750998331381186,-0.03755712334964567,-1.6900947294062507,-1.0958272551835555
[0.2 0.8]_[0.2 0.8]_[0.2 0.8],0.1228758602356967,0.0,0.0,0.0,0.0,0.0,0.0,0.0,0.0,0.0
[0.5 0.5]_[0.6 0.4]_[0.5 0.5],1.2052671079474717,0.30694596508001026,0.429115039205788,-1.1295047533107756,-1.5764059719414243,1.5895858466432147,-0.23636072734642755,1.2577692040979365,-0.8692419713553643,-2.086844337434066
[0.5 0.5]_[0.7 0.3]_[0.7 0.3],1.1594179528805664,0.5529137943667013,-0.8781907853146309,-1.1235021120326256,-0.34031172399780707,0.19804307933939042,-0.1162013090939113,-0.11204554721145171,-0.9741293276189766,-1.820650016865147
[0.5 0.5]_[0.8 0.2]_[0.7 0.3],0.2696629768971172,0.1316074315775166,-0.7769391942804559,-0.1674681492084955,-1.4766017676607812,0.023079630767529016,1.6929543201636892,0.14740628985192444,-0.007290881587400766,-1.3690131758234823
[0.7 0.3]_[0.9 0.1]_[0.4 0.6],-0.1,0.5693733666349792,0.0,0.0,-0.00044599858498839406,0.0,0.0,0.0,0.0,0.0
[0.7 0.3]_[0.9 0.1]_[0.3 0.7],-0.0237568099114255,0.5853900000000001,0.0,0.0,0.0,0.0,0.0,0.0,0.0,0.0
[0.5 0.5]_[0.4 0.6]_[0.2 0.8],1.9608133110989652,0.42527670335626977,0.16864230135906616,-0.3431110148604499,-0.004633772553167326,0.16399678784449961,0.49966429480213354,-2.191758360788896,-1.21458697496228,-1.5848564145466133
[0.5 0.5]_[0.2 0.8]_[0.3 0.7],0.5065065301447652,0.2750616718210972,-0.33987355354678933,-0.24384703464135354,-0.8512090293082869,0.026190393017770264,0.1484319116401085,-0.2876907388353774,-0.0437469999999999,-0.8160432460751061
[0.7 0.3]_[0.7 0.3]_[0.6 0.4],0.5089944182819364,-0.26005940073963413,1.5920946496597002,0.0,-0.20967182211632318,0.0,0.0,0.24593199069702343,0.4934502077584124,0.0
[0.6 0.4]_[0.6 0.4]_[0.2 0.8],0.7706722055128066,-0.3,-0.4253149122817937,-1.7231519414560055,-0.5831572411912146,0.083368722537734,0.0,0.0,0.0,0.0
[0.3 0.7]_[0.4 0.6]_[0.4 0.6],-0.03183928815510996,-0.2667884793154346,-0.0381059764094842,-0.6426999363951589,-0.8276407878371803,-0.008166771765883929,-0.2619935234651061,-0.3132515715687033,0.0,-0.8949758278966975
[0.2 0.8]_[0.1 0.9]_[0.2 0.8],0.0,0.0,0.0,0.0,0.0,0.0,0.0,0.0,0.0,0.0
[0.6 0.4]_[0.7 0.3]_[0.2 0.8],0.1708525206974502,1.8273796907513034,0.36736719338763435,0.12334068049107039,0.05844990098843916,0.01568216242094025,0.0,-0.0946267084322482,0.0,0.0
[0.6 0.4]_[0.5 0.5]_[0.2 0.8],-0.1,2.0396015062108708,0.0,0.2335488355468844,-1.5334425622972323,0.0,0.0,0.0,0.0,0.0
[0.4 0.6]_[0.5 0.5]_[0.4 0.6],2.044313834090854,-0.022097316060831818,0.021293778612756775,0.28106022859361335,-0.9078034365651317,0.27244417194243653,-0.4500440967125544,-0.6234956538846399,-0.6677440903205029,-0.879809392319063
[0.3 0.7]_[0.4 0.6]_[0.2 0.8],-0.1,2.0136223846257937,0.0,0.0,0.19921391519669018,0.0120383488056032,0.0,0.0,0.0,0.0
[0.5 0.5]_[0.3 0.7]_[0.2 0.8],0.2599101512695746,0.42695811225969754,0.3913250573921644,-1.4831790070272666,-2.0985455447356776,1.2553189523597288,0.3618079564558523,0.003264606342915477,-0.4508103244038192,-0.05762262653272776
[0.4 0.6]_[0.6 0.4]_[0.2 0.8],0.21947708421862688,-0.14277123136402342,-0.0352965923187768,0.3131273016833592,-1.438726957418845,1.136190203145058,-0.2720585999615464,-0.4680217419638938,0.01220499962157462,-0.0343663754803765
[0.7 0.3]_[0.8 0.2]_[0.2 0.8],-0.0149516199999999,0.0,0.0,0.0,0.0,0.0,0.0,0.0,0.0,0.0
[0.5 0.5]_[0.8 0.2]_[0.4 0.6],1.11523382101102,0.6052713359307479,0.7347675331490385,-0.0082275995804101,-2.267160185776189,-0.1162695005895279,-0.4309306521101608,-0.13915275604734134,-0.019973772764441122,-1.2850781863118588
[0.7 0.3]_[0.7 0.3]_[0.2 0.8],0.0,0.0,0.0,0.0,0.0,0.0,0.0,0.0,0.0,0.0
[0.6 0.4]_[0.8 0.2]_[0.4 0.6],0.1431250298266773,-0.7193136782440034,-1.3405818559598424,-0.16488918473948233,-1.0429513676865256,1.0241361049332127,-0.2306025322811009,-0.453624257053891,0.7828550655526064,0.05551385248708329
[0.4 0.6]_[0.3 0.7]_[0.5 0.5],0.548005491399157,0.5606086225658617,-0.3788146451419858,0.49764163112055804,-2.1777712255765342,0.15854835623569286,0.3154702421056047,0.41459090692393863,3.103366394856356,-0.7297212059392112
[0.7 0.3]_[0.5 0.5]_[0.4 0.6],0.0,0.0,0.0,0.0,0.0,0.0,0.0,0.0,0.0,0.0
[0.7 0.3]_[0.7 0.3]_[0.5 0.5],1.2730177242030258,0.3973017453352057,0.0,0.0,0.0,-0.0475728612308458,0.0,0.0103494813724819,-0.566231342886727,0.0
[0.6 0.4]_[0.5 0.5]_[0.6 0.4],0.19235189145338263,0.006197492603447957,-1.4624850233832403,-0.3429478323997198,-1.2735231104056948,1.3952184450378693,-0.6818131566912548,-0.8674000399230933,-0.8046281735807557,-0.37853696666186537
[0.4 0.6]_[0.4 0.6]_[0.6 0.4],0.8926671883213,-0.30278895419672724,-0.6007037433031146,-0.21623862162292828,-0.05762690796824821,0.2895295126936107,0.267763235487906,2.471415933237548,-2.1480326820220035,-1.766576629658735
[0.8 0.2]_[0.8 0.2]_[0.7 0.3],0.0,0.0,0.0,0.0,0.0,0.0,0.0,0.0,0.0,0.0
[0.7 0.3]_[0.6 0.4]_[0.8 0.2],1.1405095127083862,0.0,-0.5,0.0,0.0,0.0,0.0,0.0,-0.7000000000000001,0.0
[0.8 0.2]_[0.8 0.2]_[0.6 0.4],0.0,0.0,0.0,0.0,0.0,0.0,0.0,0.0,0.0,0.0
[0.3 0.7]_[0.4 0.6]_[0.6 0.4],0.0,0.0,0.0,0.0,0.0,0.0,0.0,0.0,0.0,0.0
[0.4 0.6]_[0.3 0.7]_[0.8 0.2],0.054056892119214994,-0.12341343809925931,-0.8711173623468667,-0.06245190108748,-1.4363109892171009,0.5153903127700497,-0.7476295080254306,0.077,-1.5093839868253685,-0.7073656990973858
[0.3 0.7]_[0.3 0.7]_[0.8 0.2],0.07760483704972401,0.0,0.0,0.0,0.0,0.0,0.0,0.0,0.0,0.0393036520604354
[0.6 0.4]_[0.9 0.1]_[0.8 0.2],-0.1,-0.04004777846049584,-0.010293315295221928,-0.5558298262441359,0.2588378179190586,1.68530395049922,0.30000000000000004,0.06473366918170848,0.8451691461405987,0.0
[0.7 0.3]_[0.5 0.5]_[0.7 0.3],-0.1,0.7152655767410235,0.0,0.0,0.0,0.0,0.0,0.0,0.0,0.0
[0.6 0.4]_[0.8 0.2]_[0.5 0.5],1.193490995111081,0.5738328843437697,-0.12254862884186879,-1.2437072818315085,0.38550512510792734,0.5872533211127708,0.02781460769924532,-0.40550530151997444,1.2521262206587893,-0.13229281196687936
[0.4 0.6]_[0.5 0.5]_[0.2 0.8],0.37543886010371863,-0.4642360377229175,-1.2989746850545931,0.15231926484741365,-2.790543986958263,1.4267516718456923,0.05007371307159447,-1.5359805961512774,-1.2441725661738725,-0.697186250087197
[0.8 0.2]_[0.9 0.1]_[0.5 0.5],0.0,0.0,0.0,0.0,0.0,0.0,0.0,0.0,0.0,0.0
[0.7 0.3]_[0.6 0.4]_[0.3 0.7],0.2575078822132397,0.0,0.0,0.0,0.0,0.0,0.0,0.0,0.0,0.0
[0.5 0.5]_[0.6 0.4]_[0.2 0.8],0.3346270684043141,-0.02615011327205119,-0.18529312347662696,-1.7667466967559928,0.3289203711151132,1.3825746676619868,-0.18679479487133108,0.03852413011438027,0.033621143276283516,-0.5778497217224265
[0.7 0.3]_[0.6 0.4]_[0.4 0.6],0.3450421904214847,0.0,0.0,3.489158775523285,0.0,0.0,0.0,0.0,0.0,0.0
[0.4 0.6]_[0.6 0.4]_[0.5 0.5],1.3376157089536023,-0.1162862803634675,-0.6425680241787781,0.09116609874786175,0.5241934015430222,-0.016769850654732,-0.5686312638382616,-1.273127264526173,-0.275739790652051,-2.955425255518666
[0.3 0.7]_[0.3 0.7]_[0.2 0.8],1.418760431069499,0.0,0.0,-0.6097021521843916,0.3524044832453912,0.010163823614496414,0.5744976265558437,-0.4859698690047568,0.00719393589518702,-0.8230774955824375
[0.6 0.4]_[0.9 0.1]_[0.3 0.7],-0.1265614991183769,-0.2587807351147366,1.66098836342075,0.0,0.0,0.0,0.0,0.0,0.10326911194264399,0.0
[0.8 0.2]_[0.9 0.1]_[0.6 0.4],-0.0499815595839023,0.0,0.0,0.0,0.0,0.0,0.0,0.0,0.0,0.0
[0.7 0.3]_[0.6 0.4]_[0.7 0.3],-0.0178193011539689,-0.1493559802018515,-0.4250362796068658,-0.2727653831286594,0.0,0.0,-0.21481934371211675,-0.5,0.0,0.0
[0.7 0.3]_[0.6 0.4]_[0.6 0.4],-0.0092151631405881,0.2309931174193836,0.0,0.0,0.0,0.0,0.7771532609069949,0.0,0.0,0.0
[0.8 0.2]_[0.8 0.2]_[0.8 0.2],0.0,0.0,0.0,0.0,0.0,0.0,0.0,0.0,0.0,0.0
[0.4 0.6]_[0.2 0.8]_[0.7 0.3],-0.11652813758999576,-0.40932049549404553,-0.0928791043028319,-0.36972092194588546,-1.0145792612659401,1.5726846839063462,-0.2142743477013597,-0.43123626158692097,-0.45530181022306004,-0.8730000000000001
[0.5 0.5]_[0.3 0.7]_[0.8 0.2],1.196301253942475,-0.5720940580097897,-1.4433645838381273,-1.1158392194611721,0.40451810387399756,0.4627488435598721,0.2138352625785164,-0.6799758218014326,-0.5048653641835117,1.5579391579003596
[0.7 0.3]_[0.8 0.2]_[0.9 0.1],-0.08002,0.1275770798816,0.03613780181294313,-0.9814030727397607,0.08825809542589791,1.4996865170176212,0.08631012429225787,0.40425142478679144,0.43782228707480575,-0.7221435680751954
[0.3 0.7]_[0.2 0.8]_[0.8 0.2],-0.0693306873617723,-0.030296731257820442,-0.5,0.7000000000000001,0.0,0.0,-0.22716874098483664,0.0,0.0,0.0
[0.4 0.6]_[0.2 0.8]_[0.9 0.1],-0.01,-0.2940805869455529,1.8474761191803462,-0.6626433071701856,0.0,0.0,0.0,-0.8179414346517744,0.0,0.0
[0.8 0.2]_[0.9 0.1]_[0.8 0.2],0.0,0.0,0.0,0.0,0.0,0.0,0.0,0.0,0.0,0.0
[0.5 0.5]_[0.4 0.6]_[0.9 0.1],1.1168989756806802,0.285405977868583,-0.5069015436101907,0.6098072231769519,0.0136557195288352,0.4370405856380909,0.0937146617791112,0.5873112340026068,-0.16614391280341068,0.5442045726579885
[0.5 0.5]_[0.5 0.5]_[0.9 0.1],1.2859263088141188,-0.3287594323548641,0.3934895852511653,-2.2650748233538165,0.012247113768507623,0.17260612591729077,0.3309077974378073,0.9254270221682378,-0.6360162752602234,-2.9581491388014145
[0.4 0.6]_[0.6 0.4]_[0.8 0.2],-0.0474896596005704,-0.0006468948109377,-0.2717620135170574,-0.7000000000000001,-0.7545545616878178,0.39512527740036957,0.0,-0.00020922979564219624,-0.057156439911184,0.0
[0.6 0.4]_[0.7 0.3]_[0.9 0.1],0.4456725935468954,-0.7753769794421237,0.06141768883521631,-2.21808870359013,-1.2066721351382295,1.363386224225259,0.45080048838084047,0.15769382898415496,0.3486079110184448,0.6309209512646226
[0.5 0.5]_[0.2 0.8]_[0.7 0.3],0.8492166812393588,0.49936826899076014,0.6502424183674473,-1.3525663917384905,-0.24071104820890654,0.48593403087755715,0.4075574879116118,-0.7443860626123495,0.10476794732390471,-0.786907275307554
[0.2 0.8]_[0.2 0.8]_[0.7 0.3],0.0,0.0,0.0,0.0,0.0,0.0,0.0,0.0,0.0,0.0
[0.6 0.4]_[0.8 0.2]_[0.7 0.3],0.2327463823153526,0.4045190101228608,-0.29775498615826856,-0.5903217351045368,-0.08166533305306822,0.893400390697573,0.7062532117555611,0.0763836812545482,-0.08827132917369473,-0.17672243730993187
[0.5 0.5]_[0.7 0.3]_[0.2 0.8],0.36206022992404474,-0.09512822742052163,0.14414038417479258,0.06411947148513175,-0.53634011254885,1.0770975549127288,-0.029328377475421163,0.0,0.26039136625018144,-0.36247045960034174
[0.8 0.2]_[0.8 0.2]_[0.5 0.5],0.0,0.0,0.0,0.0,0.0,0.0,0.0,0.0,0.0,0.0
[0.6 0.4]_[0.9 0.1]_[0.7 0.3],-0.0419000109393596,0.07389584976053618,0.16348669565835822,-0.6948304358982867,-0.89524588764507,1.2943348326733441,-0.11009784645275925,0.5574469411946361,0.7000000000000001,0.0
[0.6 0.4]_[0.9 0.1]_[0.2 0.8],-0.15305885608187714,-0.271461,-0.44731490000000007,0.0,0.0,0.0,0.0,0.0,0.0,0.0
[0.5 0.5]_[0.2 0.8]_[0.5 0.5],0.0036242276665099903,-0.0559773071876227,0.019078437161445305,0.5402567583484459,-0.32721235658427994,0.858233966971933,-0.0486495663856411,0.035621029030171725,-0.6956462086311042,-1.071778937195865
[0.5 0.5]_[0.1 0.9]_[0.5 0.5],-0.0231228566202979,-0.2251727262967773,0.5492743804043595,0.0,-0.9,0.0,0.0,0.0,0.0,0.0
[0.7 0.3]_[0.9 0.1]_[0.2 0.8],0.0,0.0,0.0,0.0,0.0,0.0,0.0,0.0,0.0,0.0
[0.6 0.4]_[0.4 0.6]_[0.6 0.4],1.380173681832358,-0.6683703814881061,-0.8638583037949057,-0.18236127330635177,-1.0582014116088558,0.3833770669866579,0.7250789570302638,-0.1869012935136789,0.7792223456060031,0.3015171804728507
[0.2 0.8]_[0.1 0.9]_[0.5 0.5],0.23463994120975962,0.0,0.0,0.0,0.0,0.0,0.0,0.0,0.0,0.0
[0.3 0.7]_[0.4 0.6]_[0.5 0.5],0.1,0.0,0.0,0.0,0.0,0.0,0.0,0.0,2.798365257220784,0.0
[0.5 0.5]_[0.1 0.9]_[0.3 0.7],1.0837515635812183,0.0,0.0,0.0,0.0,0.0,0.0,-0.461147,-0.7000000000000001,0.0
[0.5 0.5]_[0.7 0.3]_[0.9 0.1],-0.07100000000000001,-0.4940022884209764,0.4111847680508348,-0.6568331858931129,-1.59773035722246,1.5035942807011344,-0.3033523282365803,-1.15865554380724,-1.092798771123188,0.16238493508212848
[0.4 0.6]_[0.1 0.9]_[0.9 0.1],-0.1,0.43079630767529004,0.0,0.0,0.0,0.0,0.0,0.0,0.0,0.0
[0.6 0.4]_[0.3 0.7]_[0.8 0.2],-0.0522737859066304,-0.0209999999999999,-0.0380953970883425,-0.6547701215051581,-0.4489703648756205,0.12091311680266732,0.0,0.0,0.0,0.0
[0.8 0.2]_[0.8 0.2]_[0.3 0.7],0.0,0.0,0.0,0.0,0.0,0.0,0.0,0.0,0.0,0.0
[0.7 0.3]_[0.7 0.3]_[0.7 0.3],0.08450164703019247,-0.002795366653890352,-0.08421831102740757,-0.5334796243292483,-0.7535767636033239,-0.1,-0.1452524760130135,-0.1595101460780915,-1.0348848532200547,-0.6586446087269776
[0.4 0.6]_[0.1 0.9]_[0.6 0.4],-0.1226436444104104,-0.2968904842984222,-0.05,-0.0699999999999999,-0.8647777027860356,-0.08843149,2.3472809955980036,0.0,-0.6106937330401534,0.0
[0.7 0.3]_[0.9 0.1]_[1. 0.],-0.0486999999999999,-0.3,0.3728117673954724,0.0,-0.9,0.0,0.0,1.0010880036515932,0.0,0.03828939929203379
[0.6 0.4]_[0.9 0.1]_[0.9 0.1],-0.1123098836635953,-0.3,-0.5153519280005414,-0.5567414942083909,-0.8394201907228744,1.1893909441698685,-0.1116073656984841,-0.3631828129704214,-0.577614852825987,-0.7867226868207627
[0.5 0.5]_[0.5 0.5]_[1. 0.],0.4944973564458952,0.3087388541281129,-0.11148975750195006,-0.19010455913039248,-0.8550000000000001,1.2639838218730532,0.0,-0.5,0.2113464468659305,-0.9
[0.6 0.4]_[0.5 0.5]_[0.9 0.1],0.2722361081190965,0.10134113510959014,0.20571229131080038,-0.6267507137968025,-1.625878157480146,0.19840134205949533,-0.12833980383012727,-0.05,0.262497635319598,-0.11509292328227139
[0.7 0.3]_[0.8 0.2]_[1. 0.],0.2054320022910987,-0.291,-0.5,-0.0699999999999999,-0.8934755652819121,1.0831110324174689,0.0,0.0,0.0,0.0
[0.8 0.2]_[0.9 0.1]_[1. 0.],-0.009902079671356612,0.0,0.0,0.0,0.0,0.0,0.0,0.0,0.0,0.0
[0.6 0.4]_[0.9 0.1]_[1. 0.],-0.0806822703653291,-0.0244911128363998,0.7381421354416887,2.931396736846427,-0.49842459,0.0,-0.2930588473816775,0.0,0.0,1.1112552896038204
[0.6 0.4]_[0.4 0.6]_[0.9 0.1],1.3455845818182943,-0.2644365755865383,0.7356649573708604,-0.6901,0.0,0.1,-0.24157012165777458,0.07234167213874693,0.7611645643857148,-0.8362872485949083
[0.5 0.5]_[0.2 0.8]_[0.8 0.2],-0.02809698646469705,1.9203709192121783,-0.056635619640464985,-0.8598754285485871,-0.9,-0.0035864137755776,-0.1749323029419118,0.13779813622555687,0.0,0.0
[0.3 0.7]_[0.1 0.9]_[0.5 0.5],0.6623421142862226,0.0,0.0,0.0,0.0,0.0,-0.1661298228952482,0.0,0.0,0.0
[0.6 0.4]_[0.5 0.5]_[0.7 0.3],1.8391184395735867,-0.2399231264598724,0.8318664012262916,0.063152732607272,-1.039550361445901,0.3907482605705135,0.02964433584383369,0.07013386392673482,-1.8782574032681265,0.25546705853806173
[0.4 0.6]_[0.5 0.5]_[0.6 0.4],1.37677037585116,-0.029787869479601492,-0.3517326034695658,0.09713918434874402,0.15627543868200178,0.49343233902999717,0.5980356033836653,0.102774772151183,-0.5179217469719993,-0.05255510810760966
[0.6 0.4]_[0.4 0.6]_[0.5 0.5],-0.1,-0.3241923541741109,-0.21097344715509048,-0.6114923214771597,-1.584688692246773,1.5191618082390241,0.552129628546909,0.0321116735161317,-1.310733861736149,-1.3233852305234124
[0.6 0.4]_[0.6 0.4]_[1. 0.],-0.1081449785578403,-0.4797021521843915,-1.057910301391192,-0.3824394539964473,-0.3680339803443777,0.5732354467731895,-0.23555170316291152,0.0904999999999999,-0.2257,-0.7609922053531033
[0.3 0.7]_[0.3 0.7]_[1. 0.],0.0,0.0,0.0,0.0,0.0,0.0,0.0,0.0,0.0,0.0
[0.4 0.6]_[0.5 0.5]_[0.5 0.5],1.920803648545438,0.027113582741548403,0.301392773620744,0.017234308749121796,-0.18372781518198522,-0.0948304358982867,-0.8685222739607514,-0.10359018770429645,-1.1960060874139056,-1.3184759923255287
[0.4 0.6]_[0.3 0.7]_[0.9 0.1],-0.0026733913879752,-0.2521070694255007,1.577926332894125,0.14300934999999992,-0.7010609662373901,-0.0162282005511674,-0.3,-0.5227818456327804,-0.6514762929983956,0.0
[0.5 0.5]_[0.3 0.7]_[0.1 0.9],1.2576864717765115,0.0,0.0,-1.2383075097866842,0.0,0.1799365633976493,0.3,0.6379493875414993,0.0,0.0
[0.8 0.2]_[0.8 0.2]_[1. 0.],0.0,0.0,0.0,0.0,0.0,0.0,0.0,0.0,0.0,0.0
[0.6 0.4]_[0.9 0.1]_[0.6 0.4],-0.14128506409629288,0.26449438528300084,-0.5899322177001143,-0.9148713149616572,-1.617038569293118,1.6735855729773288,0.2825278614568057,-0.4020434781919326,0.5142547349880648,-0.7829248661915624
[0.6 0.4]_[0.8 0.2]_[0.1 0.9],-0.1,-0.237,0.8375773989518663,0.0,0.0,0.0,0.0,0.0,0.0,0.0
[0.6 0.4]_[0.8 0.2]_[1. 0.],-0.11214511985174,0.034103324580321615,-0.4233199324784357,0.396599993453005,-0.1477061336512218,0.7730595610378679,-0.2513809306163579,0.3221980786729982,-0.0728224940681268,-2.1973546793844445
[0.3 0.7]_[0.1 0.9]_[0.2 0.8],-0.1,-0.287156439911184,1.3542740780059186,0.07834842143236953,0.040853954920308966,0.18632381198671177,0.0,0.0,-0.6164870795232282,0.0
[0.5 0.5]_[0.6 0.4]_[1. 0.],0.060022645897282914,-0.1921447448854765,-0.5,-0.5923335154629155,-0.8434732343197017,0.7172126209328704,-0.15454525345161696,-0.40360982706032567,0.0,0.0
[0.2 0.8]_[0.2 0.8]_[0.6 0.4],0.0,0.0,0.0,0.0,0.0,0.0,0.0,0.0,0.0,0.0
[0.2 0.8]_[0.2 0.8]_[0.4 0.6],0.0,0.0,0.0,0.0,0.0,0.003999162030399783,0.0,0.0,0.0,0.0
[0.8 0.2]_[1. 0.]_[0.8 0.2],0.0,0.0,0.0,0.0,0.0,0.0,0.0,0.0,0.0,0.0
[0.2 0.8]_[0.3 0.7]_[0.5 0.5],0.0,0.0,0.0,0.0,0.0,0.0,0.0,0.0,0.0,0.0
[0.4 0.6]_[0.7 0.3]_[0.6 0.4],-0.1,-0.2517732139149124,0.1240897381486496,-0.7000000000000001,0.0,0.0,0.0,0.0,0.0,0.0
[0.7 0.3]_[0.7 0.3]_[0.8 0.2],-0.0682912351858768,-0.21495162,-0.24091841892966992,0.1313135060679229,0.0548930958088899,0.09059803165504843,-0.3,-0.7557030244044065,-1.1649560305132312,1.126395259085922
[0.6 0.4]_[0.8 0.2]_[0.2 0.8],-0.1,-0.3,-0.4824884829077498,-1.0993880347025788,-0.0363200166188614,0.7942556937016516,0.0,0.0,0.0,3.802311789469349
[0.4 0.6]_[0.1 0.9]_[0.3 0.7],-0.0394741564711874,3.101535613937937,-0.2467993304978103,-0.4434449418627537,0.0,0.0313216989717933,0.10602769678972052,-0.3187715606993679,0.0,0.49107920854564924
[0.3 0.7]_[0.5 0.5]_[0.5 0.5],0.0,0.0,0.0,0.0,0.0,0.0,0.0,0.0,0.0,0.0
[0.7 0.3]_[0.6 0.4]_[0.2 0.8],0.0,0.0,0.0,0.0,0.0,0.0,0.0,0.0,0.0,0.0
[0.8 0.2]_[0.8 0.2]_[0.4 0.6],0.0,0.0,0.0,0.0,0.0,0.0,0.0,0.0,0.0,0.0
[0.7 0.3]_[0.6 0.4]_[0.5 0.5],-0.1,-0.007556397668078946,0.0,0.0,0.0,0.0,0.0,0.0,0.0,0.0
[0.4 0.6]_[0.6 0.4]_[0.6 0.4],-0.1,-0.0870551910285163,-0.4741804258493401,-0.7000000000000001,0.5279520566872511,0.5944298638127177,-0.22776202242988433,-0.4440164987318924,-0.6399858301664917,2.112793430378341
[0.4 0.6]_[0.5 0.5]_[0.7 0.3],-0.1,0.6316555379136469,-0.5744723553602161,-0.17443495267995546,-0.4439147658392918,-0.0907411203297964,0.09765005146668498,3.303262442334994,-0.01176794708884532,-0.8305413956262052
[0.6 0.4]_[0.3 0.7]_[0.7 0.3],0.3310355139350259,1.7773328208706811,0.0,0.0,0.0,0.1,-0.0002013931676234,-0.9257,0.0,0.0
[0.4 0.6]_[0.7 0.3]_[0.8 0.2],0.3975463355939822,0.0,0.0,0.0,0.0,-0.1,0.0,0.0,0.0,0.0
[0.7 0.3]_[0.5 0.5]_[0.6 0.4],0.10423872587766451,0.0,0.0,0.0,0.0,0.0,0.0,0.0,0.0,0.0
[0.4 0.6]_[0.1 0.9]_[0.5 0.5],0.9971424178537263,-0.2998167364243934,0.0,0.0,0.0,-0.01,0.0,0.0,0.0,-0.03139214486388886
[0.8 0.2]_[0.7 0.3]_[0.4 0.6],0.0,0.0,0.0,0.0,0.0,0.0,0.0,0.0,0.0,0.0
[0.5 0.5]_[0.5 0.5]_[0.1 0.9],1.49804396704321,0.0,0.6126552768048581,0.0,0.32078049842311374,-0.010717468600239267,0.0,0.0,-1.1497410401961843,0.0
[0.2 0.8]_[0.1 0.9]_[0.3 0.7],0.0,0.0,0.0,0.0,0.0,0.0,0.0,0.0,0.0,0.0
[0.6 0.4]_[0.4 0.6]_[0.3 0.7],0.11060134927509346,-0.0191280346127596,-0.05,-0.0612406364201124,-0.1019674361647715,0.0514103814848531,0.15867332282110896,0.3891599850191697,0.0,-0.3813582555728279
[0.8 0.2]_[1. 0.]_[0.6 0.4],0.0,0.0,0.0,0.0,0.0,0.0,0.0,0.0,0.0,0.0
[0.4 0.6]_[0.2 0.8]_[0.1 0.9],-0.05693380481470378,2.42914509541506,-0.5,-0.4511351252946054,-1.0342862804823147,-0.1,-0.3116612538313193,-0.4876631956783663,-0.9871289663027926,-1.6488975985798056
[0.5 0.5]_[0.8 0.2]_[0.8 0.2],1.2662120785649287,0.0,-0.8983831277340857,-0.7000000000000001,0.0,0.1373566928298145,-0.0643829156961595,0.0,0.2890975213320113,-0.8138496687639475
[0.6 0.4]_[0.3 0.7]_[0.6 0.4],-0.1,0.27735210794394316,0.0,0.0,-0.8348709347757682,0.1952909364075447,0.2819318578347045,0.0,0.0,0.0
[0.3 0.7]_[0.1 0.9]_[0.1 0.9],1.1218170013943634,0.0,0.0,0.0,0.0,0.0,0.0,0.0,-0.6630588560818772,0.0
[0.5 0.5]_[0.4 0.6]_[1. 0.],1.382819373191696,-0.2042488443542931,0.09223605508891464,-0.7000000000000001,0.4970738259489935,0.0,0.0017152250313906547,0.537426292775414,-0.0130832390924865,-0.0197100000000001
[0.5 0.5]_[0.3 0.7]_[1. 0.],0.1029792276172394,0.026360834813239697,0.016069491413100878,-0.7000000000000001,0.24204579492919343,0.0,0.0,0.0,0.5972036513971833,0.0
[0.6 0.4]_[0.7 0.3]_[1. 0.],0.050160010613270314,-0.8025016727973202,-0.7888519182729274,-1.2093406402145925,-1.5252675296862517,0.5363568406552792,-0.1195242174604943,0.1815666474256888,4.159829613051211,0.2126184092353567
[0.7 0.3]_[0.9 0.1]_[0.1 0.9],0.0,0.0,0.0,0.0,0.0,0.0,0.0,0.0,0.0,0.0
[0.4 0.6]_[0.6 0.4]_[0.9 0.1],0.0,0.0,0.0,0.0,2.3365860071417224,0.0,0.0,0.0,0.0,0.0
[0.4 0.6]_[0.4 0.6]_[0.8 0.2],0.7326577864143995,-0.4930044210889266,0.06475336748067512,0.232766674211199,-1.0352169371747055,0.26725687224580347,-0.43301922593772857,-0.15021002950282403,-0.08543964864286113,0.5644729053715143
[0.2 0.8]_[0.2 0.8]_[0.5 0.5],0.0,0.0,0.0,0.0,0.0,0.0,0.0,0.0,0.0,0.0
[0.4 0.6]_[0.5 0.5]_[0.1 0.9],1.025964091424019,0.0,0.0,0.0,0.9383826854874023,0.18001483523801323,0.0,0.0,0.0,-1.4368163621705743
[0.5 0.5]_[0.2 0.8]_[0.6 0.4],0.5852044774740318,0.3693080079039005,0.1298391555572288,-0.6084502322320973,-0.8933901474368778,-0.08797042084470058,0.3341373020259728,-0.7398430062575508,0.007446824159917376,0.0871405212156132
[0.6 0.4]_[0.9 0.1]_[0.5 0.5],-0.0165969258464609,0.35680941036352937,0.1587667835069183,0.7256354541515802,0.2956639414893931,2.17161260669674,-0.05137358271863829,0.0,-0.548759778338776,0.0
[0.3 0.7]_[0.2 0.8]_[0.1 0.9],-0.1,0.0,-0.41677695145339905,0.8092388823834297,2.865905762978927,0.0,0.0,0.0,0.0,0.0
[0.3 0.7]_[0.1 0.9]_[0.9 0.1],0.0,0.0,0.0,0.0,0.0,0.0,0.0,0.0,0.0,0.0
[0.5 0.5]_[0.6 0.4]_[0.9 0.1],0.10161903114473501,0.07588706898297243,-0.5906208554196866,-0.44171717673823774,-0.8776199062811465,1.0541647801583371,0.39037806969469985,-0.1472009040014368,0.2289242206186483,-1.7731377335409446
[0.4 0.6]_[0.4 0.6]_[0.9 0.1],1.5974029104400715,0.0,0.0,-0.47156469573759435,0.6188236851677424,-0.0955636822593313,0.327,0.0,0.0,-0.4207733440648893
[0.7 0.3]_[0.6 0.4]_[0.9 0.1],0.4685246870128884,0.0,0.0,0.08173559285259713,-0.8699886868760331,0.0,0.0,0.0,-0.7000000000000001,0.0
[0.2 0.8]_[0.1 0.9]_[0.7 0.3],0.0,0.0,0.0,0.0,0.0,0.0,0.0,0.0,0.0,0.0
[0.4 0.6]_[0.1 0.9]_[0.1 0.9],-0.10763082094198026,-0.0225030687718957,-0.5,2.661430149162493,0.0,0.0,0.0,0.0,-0.6767676724948317,-0.9
[0.4 0.6]_[0.3 0.7]_[0.1 0.9],1.4484997263614228,0.199752731027533,0.29890099524236186,-1.3057434007672173,0.20018795246820187,-0.03815843833137539,0.3480671648524656,0.11124547480964236,-0.6524995583471092,-0.8991
[0.2 0.8]_[0.1 0.9]_[0.1 0.9],0.0,0.0,0.0,0.0,0.0,0.0,0.0,0.0,0.0,0.0
[0.7 0.3]_[0.8 0.2]_[0.1 0.9],0.0,0.0,0.0,0.0,0.0,0.0,0.0,0.0,0.0,0.0
[0.2 0.8]_[0.1 0.9]_[0.6 0.4],0.0,0.0,0.0,0.0,0.0,0.0,0.0,0.0,0.0,0.0
[0.8 0.2]_[1. 0.]_[0.9 0.1],0.0,0.0,0.0,0.0,0.0,0.0,0.0,0.0,0.0,0.0
[0.3 0.7]_[0.4 0.6]_[0.7 0.3],-0.052377008970593344,0.0,0.0,0.0,0.0,0.0,0.0,0.0,0.0,0.0
[0.2 0.8]_[0.3 0.7]_[0.4 0.6],0.0,0.0,0.0,0.0,0.0,0.0,0.0,0.0,0.0,0.0
[0.7 0.3]_[1. 0.]_[0.9 0.1],-0.0785499515487739,0.0,0.0,0.0,0.0,0.0,0.5429465695259597,0.0,0.0,0.0
[0.7 0.3]_[0.7 0.3]_[0.9 0.1],-0.06090083840997675,0.0,-0.0060929625760985,0.0,0.0,1.0667381209319022,0.0,-0.25481021047418306,-0.5460987563288885,-0.9
[0.4 0.6]_[0.6 0.4]_[0.7 0.3],0.8969578871278335,0.37831768419356643,-0.0836427393286208,0.0,0.0,0.0,0.0,0.0,-0.48572468776151445,0.0
[0.5 0.5]_[0.4 0.6]_[0.1 0.9],1.693761472272982,-0.3,-0.3488916197594685,-0.636519379832275,0.0,-0.01959527265348119,0.2651458607029281,0.5513572777033833,-0.4824570103700908,-1.0709165026216485
[0.6 0.4]_[0.4 0.6]_[0.7 0.3],0.053975839343518475,0.2034319615455811,-0.4829,0.19766152597728015,-0.6130104690323571,1.9640765824867437,0.0,-0.685069856271791,1.172532089279086,0.3849974429387393
[0.4 0.6]_[0.4 0.6]_[0.1 0.9],1.1546770590660131,0.3933675113464694,-0.12280535072476106,-0.647596697747588,0.0,-0.06854766240859056,0.3548986122003506,0.27269624879468757,-1.1582659300096403,0.3551482354966229
[0.3 0.7]_[0.5 0.5]_[0.4 0.6],0.15710723758269607,0.0,0.0,0.0,0.0,0.0,0.0,0.0,0.0,0.0
[0.5 0.5]_[0.9 0.1]_[0.8 0.2],0.2483083946697111,0.0,0.0,0.0,0.0,0.0,0.0,0.0,0.0,0.0
[0.6 0.4]_[0.9 0.1]_[0. 1.],0.0,0.0,0.0,0.0,0.0,0.0,0.0,0.0,0.0,0.0
[0.5 0.5]_[0.9 0.1]_[0.9 0.1],0.23428950888351963,0.0,0.0,0.0,0.0,0.0,0.0,0.0,0.0,0.0
[0.6 0.4]_[0.4 0.6]_[0.2 0.8],0.6042150055204033,0.0,0.0,-0.49176633015491444,0.0,0.0,0.0,0.0,-0.7000000000000001,0.0
[0.3 0.7]_[0.5 0.5]_[0.3 0.7],0.0,0.0,0.0,0.0,0.0,0.0,0.0,0.0,0.0,0.0
[0.5 0.5]_[0.1 0.9]_[0.7 0.3],0.0,0.0,0.0,0.0,0.0,0.0,0.8638355449881674,0.0,0.0,0.0
[0.5 0.5]_[0.8 0.2]_[0.3 0.7],-0.1,1.7631008730051623,-0.1297630744891782,0.7124513630697314,0.32059438705429155,0.0,-0.30000000000000004,1.4224075490360177,-1.25259614493243,0.0
[0.8 0.2]_[1. 0.]_[0.7 0.3],0.0,0.0,0.0,0.0,0.0,0.0,0.0,0.0,0.0,0.0
[0.4 0.6]_[0.1 0.9]_[0.8 0.2],-0.1,-0.1727794573422307,-0.4969330687361772,-0.5658422387931638,-1.701,-0.04583506675238606,0.48792324261838976,0.0,0.0,0.0
[0.6 0.4]_[0.3 0.7]_[1. 0.],-0.015587439358128851,-0.1137667990262281,0.0,0.0,0.0,0.0,0.0,0.0,0.0,0.0
[0.4 0.6]_[0.2 0.8]_[1. 0.],-0.1,1.5319400440279805,0.0,0.0,0.0,0.0,0.0,0.0,0.0,0.1158188987191249
[0.6 0.4]_[0.5 0.5]_[1. 0.],-0.1303786802433868,-0.2639416789727397,-1.1413358050670355,-0.0699999999999999,-1.6382829913951107,0.114138310100556,0.12520785841449847,0.6187412527291577,0.8176319011632098,3.468831999912978
[0.3 0.7]_[0.2 0.8]_[1. 0.],0.0,0.0,0.0,0.0,0.0,0.0,0.0,0.0,0.0,0.0
[0.8 0.2]_[0.9 0.1]_[0.3 0.7],0.3565550581372463,0.0,0.0,0.0,0.0,0.0,0.0,0.0,0.0,0.0
[0.3 0.7]_[0.3 0.7]_[0.1 0.9],1.1627076696225558,0.0,0.0,0.0,0.0,0.0,0.0,0.0,0.0,0.0
[0.6 0.4]_[0.3 0.7]_[0.9 0.1],0.0,0.0,0.0,2.982539056415161,-0.802009288358307,0.0,0.0,0.0,0.0,0.0
[0.2 0.8]_[0.1 0.9]_[0.8 0.2],0.0,0.0,0.0,0.0,0.0,0.0,0.0,0.0,0.0,0.0
[0.3 0.7]_[0.4 0.6]_[0.1 0.9],-0.0725513732473365,0.37427741064909914,0.0,0.0,0.0,0.0,0.0,0.0,0.0,-0.8705700000000001
[0.4 0.6]_[0.6 0.4]_[0.1 0.9],0.6469117827593686,0.0,0.0,-0.6705700000000001,0.0,0.0,0.0,0.0,0.0,0.0
[0.5 0.5]_[0.3 0.7]_[0.9 0.1],1.3677450273110956,-0.6486710939196131,-0.2620145391353718,0.36216177617473055,-0.8261778053339305,0.07665440820773603,-0.1429345557932881,-0.3106446732210715,-0.3580296313841066,-1.2782164954978867
[0.9 0.1]_[1. 0.]_[0.6 0.4],0.0,0.0,0.0,0.0,0.0,0.0,0.0,0.0,0.0,0.0
[0.5 0.5]_[0.1 0.9]_[0.4 0.6],0.0,1.0089264940000142,0.0,0.0,0.0,0.0,0.0,0.0,0.0,0.0
[0.8 0.2]_[0.8 0.2]_[0.9 0.1],0.0,0.0,0.0,0.0,0.0,0.0,0.0,0.0,0.0,0.0
[0.5 0.5]_[0.6 0.4]_[0.1 0.9],0.09003181750737332,-0.1849754232443383,-0.4663229597203927,-0.4009043146308243,-0.8276523521900887,0.887945573141643,-0.1895269750045332,0.0,-0.6898440795920067,0.0
[0.5 0.5]_[0.7 0.3]_[1. 0.],-0.1,0.0,0.3259532873161897,0.4458207297117598,-0.9,1.0292105637637388,0.1345480384459226,0.6375311517874064,0.0,0.0
[0.2 0.8]_[0.2 0.8]_[0.1 0.9],0.0,0.0,0.0,0.0,0.0,0.0,0.0,0.0,0.0,0.0
[0.4 0.6]_[0.7 0.3]_[0.4 0.6],0.7016138086781493,0.0,0.0,0.0,0.0,0.0,0.0,-0.3311887884363491,0.0,0.0
[0.7 0.3]_[0.7 0.3]_[1. 0.],0.0,0.0,1.9555237587127148,0.0,0.0,0.0,0.0,0.0,0.8206593597854076,0.0
[0.2 0.8]_[0.1 0.9]_[1. 0.],0.0,0.0,0.0,0.0,0.0,0.0,0.0,0.0,0.0,0.0
[0.4 0.6]_[0.5 0.5]_[0.9 0.1],-0.19,-0.3,2.434618706940484,0.0,0.0,0.0,0.0,-0.3122890995997899,0.0,0.1503942023821236
[0.6 0.4]_[0.4 0.6]_[1. 0.],-0.0067697688615623,-0.003,-0.4752133641464925,-0.6378422328788664,-0.7715649495475484,0.36230450889551763,0.0,0.0,0.0,0.0
[0.2 0.8]_[0.1 0.9]_[0.9 0.1],0.0,0.0,0.0,0.0,0.0,0.0,0.0,0.0,0.0,0.0
[0.4 0.6]_[0.7 0.3]_[1. 0.],0.1,0.0,0.0,0.0,0.0,0.0,0.0,0.0,0.0,0.0
[0.3 0.7]_[0.3 0.7]_[0.9 0.1],0.0,0.0,0.0,0.0,0.0,0.0,0.0,0.0,0.0,0.0
[0.8 0.2]_[0.7 0.3]_[0.5 0.5],0.0,0.0,0.0,0.0,0.0,0.0,0.0,0.0,0.0,0.0
[0.8 0.2]_[0.6 0.4]_[0.4 0.6],0.0,0.0,0.0,0.0,0.0,0.0,0.0,0.0,0.0,0.0
[0.7 0.3]_[1. 0.]_[0.7 0.3],-0.1,-0.0963713160695996,-0.4659977353660096,-0.6854282639939097,-0.8473149,0.37746013557469515,0.0,0.0,0.0,0.0
[0.7 0.3]_[0.5 0.5]_[0.5 0.5],-0.1,0.0,0.0,0.0,0.0,0.0,0.0,0.0,0.0,0.0
[0.4 0.6]_[0.7 0.3]_[0.5 0.5],-0.0918282608719483,0.17135440974157617,0.11808873803624292,-0.2420533295274363,-0.7051897436107532,0.4521864732447917,0.0,0.0,-0.1356268438091207,-0.2178961830209743
[0.8 0.2]_[0.7 0.3]_[0.6 0.4],0.0,0.0,0.0,0.0,0.0,0.0,0.0,0.0,0.0,0.0
[0.6 0.4]_[0.3 0.7]_[0.5 0.5],-0.0224429905753925,-0.5215231564782672,-0.307652702,1.9904304723746162,0.0,0.01498531488777346,0.0,0.0,-0.6535106099762212,0.0
[0.4 0.6]_[0.8 0.2]_[0.1 0.9],0.0,0.0,0.0,0.0,-0.8998649798376225,0.0,0.0,0.0,0.0,0.0
[0.3 0.7]_[0.6 0.4]_[0.7 0.3],0.0,0.0,0.5,0.0,0.0,0.0,0.0,0.0,0.0,0.0
[0.6 0.4]_[0.7 0.3]_[0.1 0.9],-0.1,-0.3,-0.4218890891305576,-0.5728262719693719,-0.8204123020555394,0.775493067097681,0.0,0.0,0.0,0.0
[0.6 0.4]_[0.5 0.5]_[0.1 0.9],0.25626768974823383,0.0,0.0,0.0,0.0,0.0,0.0,0.0,0.0,0.0
[0.2 0.8]_[0.3 0.7]_[0.2 0.8],0.0,0.0,0.0,0.0,0.0,0.0,0.0,0.0,0.0,0.0
[0.4 0.6]_[0.3 0.7]_[1. 0.],0.0,1.0314443210099535,0.0,-0.6681070989054468,0.0,0.33672233799845236,0.0,0.0,-0.5222339192489711,0.0029647791368118
[0.3 0.7]_[0.1 0.9]_[1. 0.],0.0,0.0,0.0,0.0,0.0,0.0,0.0,0.0,0.0,0.0
[0.5 0.5]_[0.2 0.8]_[0.9 0.1],0.0,0.08583155709668647,1.8025176803035379,0.0,-0.08466584678289735,0.0170065369856581,0.0,0.0,0.15330140594138297,-0.0429648786268246
[0.7 0.3]_[1. 0.]_[0.8 0.2],0.21546883065908176,0.0,0.0,0.0,0.0,0.0,0.0,0.0,0.0,0.0
[0.4 0.6]_[0.1 0.9]_[1. 0.],0.3358268148315435,0.0,0.0,0.0,0.0,0.0,0.0,0.0,0.0,0.0
[0.4 0.6]_[0.7 0.3]_[0.2 0.8],-0.0048304358982866,-0.1761743004679409,-0.47833443005647003,1.210178151906792,0.0,0.16635005148530346,0.0,0.0,0.0,0.0
[0.2 0.8]_[0.3 0.7]_[0.6 0.4],0.0,0.0,0.0,0.0,0.0,0.0,0.0,0.0,0.0,0.0
[0.2 0.8]_[0.2 0.8]_[0.8 0.2],0.0,0.0,0.0,0.0,0.0,0.0,0.0,0.0,0.0,0.0
[0.3 0.7]_[0.4 0.6]_[0.8 0.2],0.0,0.0,0.0,0.0,0.0,0.0,0.0,0.0,0.0,0.0
[0.6 0.4]_[0.3 0.7]_[0.3 0.7],0.0,0.0,0.0,-0.7000000000000001,0.0,0.0,0.0,0.0,1.0752898144726215,0.0
[0.3 0.7]_[0.2 0.8]_[0. 1.],0.0,0.0,0.0,0.0,0.0,0.0,0.0,0.0,0.0,0.0
[0.8 0.2]_[0.7 0.3]_[0.8 0.2],0.0,0.0,0.0,0.0,0.0,0.0,0.0,0.0,0.0,0.0
[0.3 0.7]_[0.5 0.5]_[0.6 0.4],0.0,0.0,0.0,0.0,0.0,0.0,0.0,0.0,0.0,0.0
[0.5 0.5]_[0.7 0.3]_[0.1 0.9],-0.023441660542922883,-0.1909665513699435,0.0,-0.5457727464055294,0.0,-0.0027127500300887,-0.2377636182120084,0.0,-0.005995298052230313,-0.6063476385962434
[0.3 0.7]_[0.1 0.9]_[0. 1.],0.0,0.0,0.0,0.0,0.0,0.0,0.0,0.0,0.0,0.0
[0.4 0.6]_[0.2 0.8]_[0. 1.],-0.1,-0.2950030730004495,-0.007668381789100676,0.0,0.0,0.0,0.0,0.0,0.0,0.0
[0.7 0.3]_[0.5 0.5]_[0.3 0.7],0.1,0.0,0.0,0.0,0.0,0.0,0.0,0.0,0.0,0.0
[0.8 0.2]_[0.7 0.3]_[0.3 0.7],0.0,0.0,0.0,0.0,0.0,0.0,0.0,0.0,0.0,0.0
[0.4 0.6]_[0.4 0.6]_[1. 0.],0.5330995706572055,1.6184809054361753,0.0,0.0,0.0,-0.1386841736807125,0.38606577604396564,0.0,0.0,0.0
[0.6 0.4]_[0.7 0.3]_[0. 1.],0.0,0.0,0.0,0.0,0.0,0.0,0.0,0.0,0.0,3.370581685239555
[0.4 0.6]_[0.5 0.5]_[1. 0.],-0.1,-0.19116354402422792,0.5,0.0,0.0,0.0,0.0,0.0,-0.7000000000000001,0.0
[0.6 0.4]_[0.9 0.1]_[0.1 0.9],0.0,0.0,0.0,0.0,0.0,0.0,0.0,0.0,0.0,0.0
[0.5 0.5]_[0.2 0.8]_[0.1 0.9],-0.0994353937623172,-0.0149729331308198,-0.4139342239560343,2.3899655426688726,0.0,0.0,0.0,0.0,0.0,-0.8451095489785992
[0.5 0.5]_[0.7 0.3]_[0. 1.],-0.1,0.07802815439765609,0.0,0.0,0.0,0.0,0.0,0.0,0.0,0.0
[0.5 0.5]_[0.2 0.8]_[1. 0.],-0.0964397471786612,1.5090923159941023,0.0,0.0,0.0,0.1523683837546089,-0.1220999070199896,0.0,0.0,0.0
[0.3 0.7]_[0. 1.]_[0.3 0.7],0.0,0.0,0.0,0.0,0.0,0.0,0.0,0.0,0.0,0.0
[0.8 0.2]_[1. 0.]_[0.2 0.8],0.0,0.0,0.0,0.0,0.0,0.0,0.0,0.0,0.0,0.0
[0.6 0.4]_[0.3 0.7]_[0.4 0.6],0.0,1.9030866083704807,0.0,1.02508291047363,0.0,0.0,0.0,0.0,0.0,0.0
[0.5 0.5]_[0.9 0.1]_[0.6 0.4],-0.093850501362027,0.5076077718372511,0.0,-0.6474896596005705,0.0,0.0,-0.2121157519637393,0.0,0.0,0.0
[0.4 0.6]_[0.3 0.7]_[0. 1.],0.4023945368069817,0.0,0.0,0.0,0.0,0.0,0.0,0.0,0.0,0.0
[0.5 0.5]_[0.8 0.2]_[0.1 0.9],0.0,0.0,0.0,0.0,0.0,0.0,0.29246637832306954,0.0,0.0,0.0
[0.2 0.8]_[0.4 0.6]_[0.5 0.5],0.0,0.0,0.0,0.0,0.0,0.0,0.0,0.0,0.0,0.0
[0.5 0.5]_[0.1 0.9]_[0.6 0.4],0.607891289548509,0.0,-0.4585690574232256,-0.5994454400552144,0.0,0.0,0.0,0.0,0.0,0.0
[0.5 0.5]_[0.9 0.1]_[0.3 0.7],0.3328916458790403,0.0,0.0,0.0,0.0,0.0,-0.21367618801328822,0.0,0.0,-0.8522827882996454
[0.7 0.3]_[0.7 0.3]_[0.1 0.9],0.0,0.0,0.0,0.0,0.0,0.0,0.0,0.0,0.0,0.0
[0.5 0.5]_[0.9 0.1]_[0.7 0.3],-0.0819346313412879,-0.1658857925816338,0.9775169606366627,0.0,0.0,0.0,0.0,0.0,0.0,0.0
[0.2 0.8]_[0.4 0.6]_[0.4 0.6],0.0,0.0,0.0,0.0,0.0,0.0,0.0,0.0,0.0,0.0
[0.5 0.5]_[0.4 0.6]_[0. 1.],0.17553043597881302,0.0,0.0,0.0,-0.5853262086045209,0.0,0.0,0.0,0.0,0.0
[0.5 0.5]_[0.9 0.1]_[0.2 0.8],0.1,0.0,0.0,0.0,0.0,0.0,0.0,0.0,0.0,0.0
[0.4 0.6]_[0.8 0.2]_[0.6 0.4],0.0,0.0,0.0,0.0,-0.0405341791735012,0.0,0.0,0.0,0.0,0.0
[0.7 0.3]_[0.9 0.1]_[0. 1.],0.0,0.0,0.0,0.0,0.0,0.0,0.0,0.0,0.0,0.0
[0.8 0.2]_[0.8 0.2]_[0.2 0.8],0.0,0.0,0.0,0.0,0.0,0.0,0.0,0.0,0.0,0.0
[0.8 0.2]_[0.9 0.1]_[0.2 0.8],0.0,0.0,0.0,0.0,0.0,0.0,0.0,0.0,0.0,0.0
[0.7 0.3]_[1. 0.]_[1. 0.],0.0,0.0,0.0,0.0,0.0,0.0,0.0,0.0,0.0,0.0
[0.8 0.2]_[1. 0.]_[1. 0.],0.0,0.0,0.0,0.0,0.0,0.0,0.0,0.0,0.0,0.0
[0.2 0.8]_[0.1 0.9]_[0. 1.],0.0,0.0,0.0,0.0,0.0,0.0,0.0,0.0,0.0,0.0
[0.5 0.5]_[0.8 0.2]_[1. 0.],-0.0797360995967369,-0.1902395485921602,-0.5,-0.510615127168905,-0.7723010489283938,-0.02101327414648917,-0.043168778108184605,-0.1487441713994948,0.6700491599504089,-0.893721024879773
[0.6 0.4]_[0.2 0.8]_[0.6 0.4],-0.0344320478486516,0.6908362117813012,0.0,0.0,-0.6861634950185755,0.0,0.0,0.0,0.0,0.0
[0.3 0.7]_[0. 1.]_[0.8 0.2],0.0,0.0,0.0,0.0,0.0,0.0,0.0,0.0,0.0,0.0
[0.6 0.4]_[0.2 0.8]_[0.7 0.3],0.0,0.0,0.0,0.0,-0.794429132879791,0.0,0.0,0.0,-0.44714340343020803,0.0
[0.7 0.3]_[1. 0.]_[0.6 0.4],0.0,0.0,0.0,0.0,0.0,0.0,0.0,0.0,0.0,0.0
[0.5 0.5]_[0.8 0.2]_[0.2 0.8],0.6628123361343814,-0.2288435568194509,0.0,0.0,0.0,0.1426568428248077,0.0,0.0,0.0,-0.8690582917588086
[0.8 0.2]_[0.6 0.4]_[0.5 0.5],0.0,0.0,0.0,0.0,0.0,0.0,0.0,0.0,0.0,0.0
[0.5 0.5]_[0.9 0.1]_[0.4 0.6],0.2782207835818262,0.0,0.0,0.0,0.0,0.0,0.0,-0.06662197152169635,0.0,0.0
[0.7 0.3]_[1. 0.]_[0.5 0.5],-0.071461,0.0,0.0,0.0,0.0,0.0,0.0,0.0,0.0,0.0
[0.5 0.5]_[0.6 0.4]_[0. 1.],0.028176975795381184,0.0,-0.4899462003657621,0.0,0.0,0.0,0.0,0.0,0.0,0.0
[0.5 0.5]_[0.5 0.5]_[0. 1.],-0.0070352208631881,-0.3,-0.4070207723827606,-0.017414047019126522,-0.8625737072245863,-0.01731947610619136,-0.21623016771657144,-0.4099020796713566,0.0,0.0
[0.5 0.5]_[0.9 0.1]_[0.5 0.5],0.8893363161645568,0.0,-0.4369833010283121,0.0,0.0,0.0,0.0,0.0,0.0,0.0
[0.5 0.5]_[0.3 0.7]_[0. 1.],0.6807735677260781,0.0,0.0,0.0,0.0,0.0,0.0,-0.5,0.0,0.0
[0.2 0.8]_[0.2 0.8]_[0.9 0.1],0.0,0.0,0.0,0.0,0.0,0.0,0.0,0.0,0.0,0.0
[0.4 0.6]_[0.1 0.9]_[0. 1.],-0.0282586372099167,0.0,0.0,0.0,0.0,0.0,0.0,0.0,0.0,0.0
[0.8 0.2]_[0.7 0.3]_[0.7 0.3],0.0,0.0,0.0,0.0,0.0,0.0,0.0,0.0,0.0,0.0
[0.9 0.1]_[0.9 0.1]_[0.7 0.3],0.0,0.0,0.0,0.0,0.0,0.0,0.0,0.0,0.0,0.0
[0.8 0.2]_[0.7 0.3]_[0.9 0.1],0.0,0.0,0.0,0.0,0.0,0.0,0.0,0.0,0.0,0.0
[0.3 0.7]_[0. 1.]_[0.7 0.3],0.0,0.0,0.0,0.0,0.0,0.0,0.0,0.0,0.0,0.0
[0.2 0.8]_[0.3 0.7]_[0.7 0.3],0.0,0.0,0.0,0.0,0.0,0.0,0.0,0.0,0.0,0.0
[0.4 0.6]_[0.7 0.3]_[0.7 0.3],0.0,0.0,0.1196190315533249,0.0,0.0,0.0,0.0,0.0,0.0,0.0
[0.2 0.8]_[0.4 0.6]_[0.3 0.7],0.0,0.0,0.0,0.0,0.0,0.0,0.0,0.0,0.0,0.0
[0.7 0.3]_[0.6 0.4]_[1. 0.],0.0,0.0,0.0,0.0,0.0,0.0,0.0,-0.35641694598289253,0.0,0.0
[0.8 0.2]_[0.6 0.4]_[0.6 0.4],0.0,0.0,0.0,0.0,0.0,0.0,0.0,0.0,0.0,0.0
[0.7 0.3]_[0.5 0.5]_[0.8 0.2],-0.03975992901078288,0.4384284233035617,-0.4284004812154391,0.0,0.0,0.0,0.0,0.0,0.0,0.0
[0.5 0.5]_[0.1 0.9]_[0.9 0.1],0.0,0.0,0.0,0.0,0.0,0.0,0.0,1.1307234794319427,0.0,0.0
[0.8 0.2]_[1. 0.]_[0.4 0.6],0.0,0.0,0.0,0.0,0.0,0.0,0.0,0.0,0.0,0.0
[0.9 0.1]_[1. 0.]_[0.7 0.3],0.0,0.0,0.0,0.0,0.0,0.0,0.0,0.0,0.0,0.0
[0.5 0.5]_[0.1 0.9]_[0.2 0.8],0.5590131148563432,-0.2241881756940212,0.0,0.0,0.0,0.0,-0.22106117578166384,0.0,0.0,0.0
[0.2 0.8]_[0. 1.]_[0.2 0.8],0.0,0.0,0.0,0.0,0.0,0.0,0.0,0.0,0.0,0.0
[0.3 0.7]_[0.5 0.5]_[0.7 0.3],0.0,0.0,0.0,0.0,0.0,0.0,0.0,0.0,0.0,0.0
[0.3 0.7]_[0. 1.]_[0.2 0.8],0.0,0.0,0.0,0.0,0.0,0.0,0.0,0.0,0.0,0.0
[0.7 0.3]_[0.5 0.5]_[0.2 0.8],0.0,0.0,0.0,0.0,0.0,0.0,0.0,0.0,0.0,0.0
[0.7 0.3]_[0.5 0.5]_[0.9 0.1],0.24093305499483506,0.0,0.0,0.0,0.0,0.0,0.0,0.0,0.0,0.0
[0.1 0.9]_[0.1 0.9]_[0.3 0.7],0.0,0.0,0.0,0.0,0.0,0.0,0.0,0.0,0.0,0.0
[0.3 0.7]_[0. 1.]_[0.1 0.9],0.0,0.0,0.0,0.0,0.0,0.0,0.0,0.0,0.0,0.0
[0.3 0.7]_[0.6 0.4]_[0.5 0.5],0.0,0.0,0.7237090853230772,0.0,0.0,0.0,0.0,0.0,0.0,0.0
[0.5 0.5]_[0.1 0.9]_[0.8 0.2],0.0,0.0,0.9226312892639246,0.0,0.0,0.0,0.0,0.0,0.0,0.0
[0.4 0.6]_[0.4 0.6]_[0. 1.],0.0,0.4893553267789285,0.0,0.0,0.0,0.0,0.0,0.0,0.0,0.0
[0.6 0.4]_[0.6 0.4]_[0.1 0.9],0.19445201594513845,0.0,0.0,0.0,0.0,0.0,-0.2755264392439914,0.0,0.0,0.047632064626757065
[0.4 0.6]_[0.8 0.2]_[0.2 0.8],0.0,0.0,0.0,0.0,0.0,0.0,0.0,0.0,-0.7002700000000001,0.0
[0.9 0.1]_[0.9 0.1]_[1. 0.],0.0,0.0,0.0,0.0,0.0,0.0,0.0,0.0,0.0,0.0
[0.4 0.6]_[0.6 0.4]_[1. 0.],0.3606260940888621,0.0,0.0,0.0,0.0,0.0,0.0,0.0,0.0,0.0
[0.7 0.3]_[0.4 0.6]_[0.3 0.7],0.0,0.0,0.0,0.0,0.0,0.0,0.0,0.0,0.0,0.0
[0.3 0.7]_[0. 1.]_[0.5 0.5],0.0,0.0,0.0,0.0,0.0,0.0,0.0,0.0,0.0,0.0
[0.4 0.6]_[0.7 0.3]_[0.1 0.9],0.0,0.0,0.0,0.0,0.0,0.0,0.4618124955220714,0.0,0.0,0.0
[0.8 0.2]_[1. 0.]_[0.5 0.5],0.0,0.0,0.0,0.0,0.0,0.0,0.0,0.0,0.0,0.0
[0.2 0.8]_[0.4 0.6]_[0.6 0.4],0.0,0.0,0.0,0.0,0.0,0.0,0.0,0.0,0.0,0.0
[0.2 0.8]_[0.2 0.8]_[0. 1.],0.0,0.0,0.0,0.0,0.0,0.0,0.0,0.0,0.0,0.0
[0.6 0.4]_[0.8 0.2]_[0. 1.],0.02717372803062821,-0.20990207967135663,0.0,-0.5695247308727678,0.0,0.0,0.0,0.0,0.0,0.0
[0.5 0.5]_[0.8 0.2]_[0. 1.],-0.1,0.0,0.0,0.0,0.0,0.0,0.0,0.0,0.0,0.0
[0.9 0.1]_[0.9 0.1]_[0.8 0.2],0.0,0.0,0.0,0.0,0.0,0.0,0.0,0.0,0.0,0.0
[0.6 0.4]_[0.2 0.8]_[0.3 0.7],0.0,0.0,0.0,0.0,0.0,0.0,0.0,0.0,0.0,0.9460108826860982
[0.6 0.4]_[0.5 0.5]_[0. 1.],0.0,0.0,0.0,0.8271737280306284,0.0,0.0,0.0,0.0,0.0,0.0
[0.6 0.4]_[0.2 0.8]_[0.5 0.5],0.0,0.0,0.0,-0.6918559495585576,0.0,0.0,0.0,0.0,0.0,0.0
[0.2 0.8]_[0. 1.]_[0.9 0.1],0.0,0.0,0.0,0.0,0.0,0.0,0.0,0.0,0.0,0.0
[0.3 0.7]_[0. 1.]_[0.4 0.6],0.0,0.0,0.0,0.0,0.0,0.0,0.0,0.0,0.0,0.0
[0.7 0.3]_[0.4 0.6]_[0.6 0.4],0.0,0.0,-0.4403845798543984,0.0,0.0,0.0,0.0,0.0,0.0,0.0
[0.7 0.3]_[0.6 0.4]_[0.1 0.9],0.0,0.0,0.0,0.0,0.0,0.0,0.0,0.0,0.0,0.0
[0.6 0.4]_[1. 0.]_[0.6 0.4],0.0,0.0,0.0,0.0,0.0,-0.1,0.0,0.0,0.0,0.0
[0.4 0.6]_[0.8 0.2]_[0.5 0.5],0.0,0.0,0.0,0.0,0.0,0.0,0.0,0.0,0.0,-0.8151190481465576
[0.4 0.6]_[0.7 0.3]_[0.9 0.1],0.0,0.0,0.0,0.0,0.0,0.0,0.0,-0.5,0.0,0.0
[0.2 0.8]_[0. 1.]_[0.6 0.4],0.0,0.0,0.0,0.0,0.0,0.0,0.0,0.0,0.0,0.0
[0.4 0.6]_[0.8 0.2]_[0.7 0.3],-0.009702152184391511,0.0,0.0,-0.4319792289436489,0.0,0.0,0.0,0.0,0.0,0.0
[0.3 0.7]_[0.5 0.5]_[0.2 0.8],0.17084476958752182,0.0,0.0,0.0,0.0,0.0,0.0,0.0,0.0,-0.8447569390380738
[0.2 0.8]_[0.2 0.8]_[1. 0.],0.0,0.0,0.0,0.0,0.0,0.0,0.0,0.0,0.0,0.0
[0.5 0.5]_[0.1 0.9]_[0.1 0.9],0.0,0.0,0.0,0.0,0.0,0.0,0.0,0.0,-0.45268972156134935,0.0
[0.7 0.3]_[1. 0.]_[0.4 0.6],0.0,0.0,0.0,0.0,0.0,0.0,0.0,0.0,0.0,0.0
[0.5 0.5]_[0.1 0.9]_[1. 0.],-0.05546707692496777,0.0,0.0,0.0,0.0,0.0,0.0,0.0,0.0,0.0
[0.4 0.6]_[0.8 0.2]_[0.3 0.7],0.0,-0.08607644626186804,0.0,0.0,0.0,0.0,0.0,0.0,0.0,0.0
[0.6 0.4]_[0.3 0.7]_[0.2 0.8],0.0,0.0,0.0,0.0,0.0,0.0,0.0,-0.4344779614074156,0.0,0.0
[0.2 0.8]_[0. 1.]_[0.7 0.3],0.0,0.0,0.0,0.0,0.0,0.0,0.0,0.0,0.0,0.0
[0.3 0.7]_[0.5 0.5]_[0.1 0.9],0.0,0.0,0.5815684977391324,0.0,0.0,0.0,0.0,0.0,0.0,0.0
[0.7 0.3]_[0.4 0.6]_[0.7 0.3],0.0,0.0,0.0,0.0,0.0,0.0,-0.16077074467489677,0.0,0.0,0.0
[0.8 0.2]_[0.9 0.1]_[0.1 0.9],0.0,0.0,0.0,0.0,0.0,0.0,0.0,0.0,0.0,0.0
[0.8 0.2]_[0.7 0.3]_[0.2 0.8],0.0,0.0,0.0,0.0,0.0,0.0,0.0,0.0,0.0,0.0
[0.4 0.6]_[0.5 0.5]_[0. 1.],0.0,0.0,0.0,0.0,0.0,0.0,0.0,0.0,0.0,-0.8544465451225824
[0.6 0.4]_[0.6 0.4]_[0. 1.],-0.009902079671356612,0.0,0.0,0.0,0.0,0.0,0.0,0.0,0.0,0.0
[0.2 0.8]_[0. 1.]_[0.3 0.7],0.0,0.0,0.0,0.0,0.0,0.0,0.0,0.0,0.0,0.0
[0.7 0.3]_[0.8 0.2]_[0. 1.],0.0,0.0,0.0,0.0,0.0,0.0,0.0,0.0,0.0,0.0
[0.2 0.8]_[0.4 0.6]_[0.2 0.8],0.0,0.0,0.0,0.0,0.0,0.0,0.0,0.0,0.0,0.0
[0.5 0.5]_[0.9 0.1]_[0.1 0.9],0.0,0.0,0.0,0.0,0.0,0.0,0.0,0.0,0.0,0.0
[0.3 0.7]_[0. 1.]_[0.6 0.4],0.0,0.0,0.0,0.0,0.0,0.0,0.0,0.0,0.0,0.0
